DUID,PROJECT_NAME,LOCATION,REZ,REZ_NAME,REZ_SOURCE,STATE,REGIONID,NAMEPLATE_MW,VOLTAGE_KV,FUEL_TYPE,TECHNOLOGY,MLF_FY25-26,MLF_FY26-27,CURTAILMENT_ACTUAL_FY24-25,CURTAILMENT_ACTUAL_FY25-26,ELI_CURTAILMENT_NEAR,ELI_CURTAILMENT_MED,ELI_SOURCE,ISP_CURTAILMENT_FY1,ISP_CURTAILMENT_FY1_LABEL,ISP_CURTAILMENT_FY2,ISP_CURTAILMENT_FY2_LABEL,ISP_CURTAILMENT_FY3,ISP_CURTAILMENT_FY3_LABEL,ISP_CURTAILMENT_AVG,ISP_OFFLOADING_FY1,ISP_OFFLOADING_FY1_LABEL,ISP_OFFLOADING_FY2,ISP_OFFLOADING_FY2_LABEL,ISP_OFFLOADING_FY3,ISP_OFFLOADING_FY3_LABEL,ISP_OFFLOADING_AVG
AVLSF1,Avonlie Solar Farm,Wagga,Y,Wagga Wagga,seed,NSW,NSW1,254.1,132.0,Solar,Photovoltaic Tracking Flat panel,0.8698,0.8395,0.1499,0.2043,0.585990827565887,0.00631707880200049,per-DUID,0.0,25-26,0.0,26-27,0.0,27-28,0.0,0.01,25-26,0.03,26-27,0.06,27-28,0.03333333333333333
BERYLSF1,Beryl Solar Farm,Beryl,Y,Central West Orana,seed,NSW,NSW1,98.4,66.0,Solar,Photovoltaic Tracking Flat panel,0.9284,0.9245,0.1357,0.0837,0.636442356808484,0.6001917294906,per-DUID,0.15,25-26,0.12,26-27,0.16,27-28,0.14333333333333334,0.21,25-26,0.19,26-27,0.22,27-28,0.20666666666666667
BOMENSF1,Bomen Solar Farm,Wagga,Y,Wagga Wagga,seed,NSW,NSW1,121.0,132.0,Solar,Photovoltaic Tracking Flat panel,0.9187,0.8823,0.1299,0.1043,0.585990827565887,0.00631707880200049,per-DUID,0.0,25-26,0.0,26-27,0.0,27-28,0.0,0.01,25-26,0.03,26-27,0.06,27-28,0.03333333333333333
BROKENH1,Broken Hill Solar Plant,Broken Hill,Y,Broken Hill,seed,NSW,NSW1,53.0,22.0,Solar,Photovoltaic Flat panel,0.8642,0.8436,0.1569,0.2455,0.399270575823056,0.017550018083952,per-DUID,0.0,25-26,0.03,26-27,0.02,27-28,0.016666666666666666,0.0,25-26,0.09,26-27,0.12,27-28,0.06999999999999999
CESF1,Capital East Solar Farm,,,,,NSW,NSW1,0.205,,Solar,Photovoltaic Flat panel,0.9954,1.0026,,,,,,,,,,,,,,,,,,,
COLEASF1,Coleambally Solar Farm,Griffith,N,Non-REZ,seed,NSW,NSW1,150.3,132.0,Solar,Photovoltaic Tracking Flat panel,0.873,0.8416,0.0296,0.0419,0.64186785726147,0.0107432723897736,per-DUID,,25-26,,26-27,,27-28,,,25-26,,26-27,,27-28,
CRWASF1,Corowa Solar Farm,Dinawan,Y,South west NSW,seed,NSW,NSW1,36.01,132.0,Solar,Photovoltaic Tracking Flat panel,0.9355,0.8912,0.0827,0.2172,0.529503172508041,7.25361393862922e-05,per-DUID,0.11,25-26,0.09,26-27,0.01,27-28,0.07,0.16,25-26,0.17,26-27,0.09,27-28,0.14
CUSF1,Culcairn Solar Farm,,,,,NSW,NSW1,466.0,,Solar,Photovoltaic Flat Panel,0.9278,0.8903,,0.4061,,,,,,,,,,,,,,,,,
DARLSF1,Darlington Point Solar Farm,Griffith,N,Non-REZ,seed,NSW,NSW1,274.97,132.0,Solar,Photovoltaic Tracking Flat panel,0.8854,0.8554,0.0882,0.126,0.64186785726147,0.0107432723897736,per-DUID,,25-26,,26-27,,27-28,,,25-26,,26-27,,27-28,
FINLYSF1,Finley Solar Farm,Deniliquin,N,Non-REZ,seed,NSW,NSW1,162.36,132.0,Solar,Photovoltaic Tracking Flat Panel,0.8898,0.8521,0.0806,,0.703282699789685,0.264676213474225,per-DUID,,25-26,,26-27,,27-28,,,25-26,,26-27,,27-28,
GESF1,Glenellen Solar Farm,,,,,NSW,NSW1,264.0,,Solar,Photovoltaic Tracking Flat Panel,0.9255,0.8977,,,,,,,,,,,,,,,,,,,
GOONSF1,Goonumbla Solar Farm,Parkes,Y,Central West Orana,seed,NSW,NSW1,69.75,66.0,Solar,Photovoltaic Tracking Flat Panel,0.8888,0.8918,0.3634,0.469,0.87127903942823,0.886109380719023,per-DUID,0.15,25-26,0.12,26-27,0.16,27-28,0.14333333333333334,0.21,25-26,0.19,26-27,0.22,27-28,0.20666666666666667
GRIFSF1,Griffith Solar Farm,Griffith,N,Non-REZ,seed,NSW,NSW1,27.19,33.0,Solar,Photovoltaic Tracking Flat panel,0.8921,0.8654,,,0.64186785726147,0.0107432723897736,per-DUID,,25-26,,26-27,,27-28,,,25-26,,26-27,,27-28,
GULLRSF1,Gullen Range Solar Farm,Marulan,N,Non-REZ,seed,NSW,NSW1,10.0,330.0,Solar,Photovoltaic Flat panel,0.962,0.9635,0.1456,0.2826,0.165388664850326,0.000681438300925263,per-DUID,,25-26,,26-27,,27-28,,,25-26,,26-27,,27-28,
GNNDHSF1,Gunnedah Solar Farm,Gunnedah,Y,Northwest NSW,seed,NSW,NSW1,110.0,132.0,Solar,Photovoltaic Tracking Flat panel,0.8437,0.8463,0.1888,0.3026,0.903607825126104,0.900375357730696,per-DUID,0.0,25-26,0.01,26-27,0.01,27-28,0.006666666666666667,0.04,25-26,0.1,26-27,0.09,27-28,0.07666666666666667
HILLSTN1,Hillston Sun Farm ,Griffith,N,Non-REZ,seed,NSW,NSW1,110.0,132.0,Solar,Photovoltaic Tracking Flat panel,0.8888,0.8652,0.3083,0.2523,0.64186785726147,0.0107432723897736,per-DUID,,25-26,,26-27,,27-28,,,25-26,,26-27,,27-28,
JEMALNG1,Jemalong Solar Project,Parkes,N,Non-REZ,seed,NSW,NSW1,55.0,66.0,Solar,Photovoltaic Tracking Flat panel,0.8923,0.8962,0.119,0.3509,0.87127903942823,0.886109380719023,per-DUID,,25-26,,26-27,,27-28,,,25-26,,26-27,,27-28,
JUNEESF1,Junee Solar Farm,Wagga,Y,Wagga Wagga,seed,NSW,NSW1,36.01,132.0,Solar,Photovoltaic Tracking Flat panel,0.922,0.8865,0.297,0.302,0.585990827565887,0.00631707880200049,per-DUID,0.0,25-26,0.0,26-27,0.0,27-28,0.0,0.01,25-26,0.03,26-27,0.06,27-28,0.03333333333333333
LIMOSF11,Limondale Solar Farm 1,Balranald,Y,South west NSW,seed,NSW,NSW1,230.0,220.0,Solar,Photovoltaic Tracking Flat Panel,0.84,0.8206,0.2549,0.2348,0.505349468159863,0.286268642359214,per-DUID,0.11,25-26,0.09,26-27,0.01,27-28,0.07,0.16,25-26,0.17,26-27,0.09,27-28,0.14
LIMOSF21,Limondale Solar Farm 2,Balranald,Y,South west NSW,seed,NSW,NSW1,28.98,22.0,Solar,Photovoltaic Tracking Flat Panel,0.8528,0.8268,0.254,0.2107,0.505349468159863,0.286268642359214,per-DUID,0.11,25-26,0.09,26-27,0.01,27-28,0.07,0.16,25-26,0.17,26-27,0.09,27-28,0.14
MANSLR1,Manildra solar Farm,Molong,Y,Central West Orana,seed,NSW,NSW1,50.0,132.0,Solar,Photovoltaic Flat panel,0.94,0.9482,0.6709,0.673,0.919931770355409,0.928940919385981,per-DUID,0.15,25-26,0.12,26-27,0.16,27-28,0.14333333333333334,0.21,25-26,0.19,26-27,0.22,27-28,0.20666666666666667
METZSF1,Metz Solar Farm,Armidale,Y,New England,seed,NSW,NSW1,135.0,132.0,Solar,Photovoltaic Tracking Flat panel,0.8557,0.8657,0.0711,0.1724,0.231026075027885,0.0508351004251619,per-DUID,0.1,25-26,0.15,26-27,0.24,27-28,0.16333333333333333,0.16,25-26,0.26,26-27,0.34,27-28,0.25333333333333335
MOLNGSF1,Molong Solar Farm,Molong,Y,Central West Orana,seed,NSW,NSW1,36.08,66.0,Solar,Photovoltaic Tracking Flat panel,0.9573,0.9583,0.6756,0.4942,0.919931770355409,0.928940919385981,per-DUID,0.15,25-26,0.12,26-27,0.16,27-28,0.14333333333333334,0.21,25-26,0.19,26-27,0.22,27-28,0.20666666666666667
MOREESF1,Moree Solar Farm,Moree,Y,Northwest NSW,seed,NSW,NSW1,56.0,66.0,Solar,Photovoltaic Tracking Flat panel,0.8387,0.8509,0.009,0.0169,0.188257195450457,0.0686562187806459,per-DUID,0.0,25-26,0.01,26-27,0.01,27-28,0.006666666666666667,0.04,25-26,0.1,26-27,0.09,27-28,0.07666666666666667
MLSP1,Mugga Lane Solar Park,,,,,NSW,NSW1,12.0,,Solar,Photovoltaic Tracking Flat panel,0.9821,0.9708,,,,,,,,,,,,,,,,,,,
MULWASF1,Mulwala Solar Farm,,,,,NSW,NSW1,31.0,,Solar,Photovoltaic Tracking Flat panel,0.9345,0.8912,,,,,,,,,,,,,,,,,,,
NASF1,Narromine Solar Farm,Wellington,N,Non-REZ,seed,NSW,NSW1,9.2,132.0,Solar,Photovoltaic Tracking Flat panel,0.923,0.9273,,,0.15663609258386,0.0670248501388058,per-DUID,,25-26,,26-27,,27-28,,,25-26,,26-27,,27-28,
NEVERSF1,Nevertire Solar Farm,Wellington,Y,Central West Orana,seed,NSW,NSW1,104.64,132.0,Solar,Photovoltaic Tracking Flat panel,0.923,0.9273,0.0799,0.3181,0.15663609258386,0.0670248501388058,per-DUID,0.15,25-26,0.12,26-27,0.16,27-28,0.14333333333333334,0.21,25-26,0.19,26-27,0.22,27-28,0.20666666666666667
NEWENSF1,New England Solar Farm,Armidale,Y,New England,seed,NSW,NSW1,200.0,330.0,Solar,Photovoltaic Tracking Flat panel,0.8803,0.8911,0.14,0.0323,0.231026075027885,0.0508351004251619,per-DUID,0.1,25-26,0.15,26-27,0.24,27-28,0.16333333333333333,0.16,25-26,0.26,26-27,0.34,27-28,0.25333333333333335
NEWENSF2,New England Solar Farm,Armidale,Y,New England,seed,NSW,NSW1,200.0,330.0,Solar,Photovoltaic Tracking Flat panel,0.8803,0.8911,0.1269,0.0365,0.231026075027885,0.0508351004251619,per-DUID,0.1,25-26,0.15,26-27,0.24,27-28,0.16333333333333333,0.16,25-26,0.26,26-27,0.34,27-28,0.25333333333333335
NYNGAN1,Nyngan Solar Plant,Wellington,Y,Central West Orana,seed,NSW,NSW1,102.03,132.0,Solar,Photovoltaic Flat panel,0.9793,0.9699,0.0393,0.3484,0.15663609258386,0.0670248501388058,per-DUID,0.15,25-26,0.12,26-27,0.16,27-28,0.14333333333333334,0.21,25-26,0.19,26-27,0.22,27-28,0.20666666666666667
PARSF1,Parkes Solar Farm,Parkes,N,Non-REZ,seed,NSW,NSW1,49.5,66.0,Solar,Photovoltaic Flat panel,0.8888,0.8918,0.304,0.326,0.87127903942823,0.886109380719023,per-DUID,,25-26,,26-27,,27-28,,,25-26,,26-27,,27-28,
QPSFB1,Quorn Park Solar Hybrid,,,,,NSW,NSW1,96.0,,Solar,Photovoltaic Tracking Flat panel,0.9176,0.9032,,,,,,,,,,,,,,,,,,,
ROYALLA1,Royalla Solar Farm,,,,,NSW,NSW1,20.0,,Solar,Photovoltaic Flat panel,0.9814,0.9695,,,,,,,,,,,,,,,,,,,
SUNRSF1,SUNRAYSIA SF,Balranald,Y,South west NSW,seed,NSW,NSW1,228.8,220.0,Solar,Photovoltaic Flat panel,0.8529,0.8218,0.1174,0.0941,0.505349468159863,0.286268642359214,per-DUID,0.11,25-26,0.09,26-27,0.01,27-28,0.07,0.16,25-26,0.17,26-27,0.09,27-28,0.14
SEBSF1,Sebastopol Solar Farm,Canberaa,Y,Wagga Wagga,seed,NSW,NSW1,90.0,132.0,Solar,Photovoltaic Tracking Flat panel,0.922,0.8865,0.2596,0.2874,0.1571570475144,0.0362161714591237,per-DUID,0.0,25-26,0.0,26-27,0.0,27-28,0.0,0.01,25-26,0.03,26-27,0.06,27-28,0.03333333333333333
SKSF1,South Keswick Solar Farm,Haymarket,N,Non-REZ,seed,NSW,NSW1,13.9,132.0,Solar,Photovoltaic Tracking Flat panel,0.923,0.9273,,,0.167592623869037,0.000643212863569608,per-DUID,,25-26,,26-27,,27-28,,,25-26,,26-27,,27-28,
STUBSF1,Stubbo Solar Farm 1,Beryl,Y,Central West Orana,seed,NSW,NSW1,202.0,330.0,Solar,Photovoltaic Flat panel,0.9429,0.9427,,0.099,0.636442356808484,0.6001917294906,per-DUID,0.15,25-26,0.12,26-27,0.16,27-28,0.14333333333333334,0.21,25-26,0.19,26-27,0.22,27-28,0.20666666666666667
STUBSF2,Stubbo Solar Farm 2,Beryl,Y,Central West Orana,seed,NSW,NSW1,198.0,330.0,Solar,Photovoltaic Flat panel,0.9429,0.9427,,0.0903,0.636442356808484,0.6001917294906,per-DUID,0.15,25-26,0.12,26-27,0.16,27-28,0.14333333333333334,0.21,25-26,0.19,26-27,0.22,27-28,0.20666666666666667
SUNTPSF1,Suntop Solar Farm,Wellington,Y,Central West Orana,seed,NSW,NSW1,150.0,132.0,Solar,Photovoltaic Tracking Flat panel,0.9073,0.9091,0.1216,0.3194,0.15663609258386,0.0670248501388058,per-DUID,0.15,25-26,0.12,26-27,0.16,27-28,0.14333333333333334,0.21,25-26,0.19,26-27,0.22,27-28,0.20666666666666667
WAGGNSF1,Wagga North Solar Farm,Wagga,Y,Wagga Wagga,seed,NSW,NSW1,19.64,66.0,Solar,Photovoltaic Tracking Flat Panel,0.9183,0.8824,0.2655,0.2642,0.585990827565887,0.00631707880200049,per-DUID,0.0,25-26,0.0,26-27,0.0,27-28,0.0,0.01,25-26,0.03,26-27,0.06,27-28,0.03333333333333333
WLWLSF1,Walla Walla Solar Farm 1,Wagga,N,Non-REZ,seed,NSW,NSW1,151.97,330.0,Solar,Photovoltaic Flat Panel,0.9298,0.8908,,0.3035,0.585990827565887,0.00631707880200049,per-DUID,,25-26,,26-27,,27-28,,,25-26,,26-27,,27-28,
WLWLSF2,Walla Walla Solar Farm 2,Wagga,N,Non-REZ,seed,NSW,NSW1,151.97,330.0,Solar,Photovoltaic Flat Panel,0.9298,0.8894,,0.3103,0.585990827565887,0.00631707880200049,per-DUID,,25-26,,26-27,,27-28,,,25-26,,26-27,,27-28,
WELNSF1,Wellington North Solar Farm,Wellington,Y,Central West Orana,seed,NSW,NSW1,436.8,330.0,Solar,Photovoltaic Tracking Flat Panel,0.9339,0.9376,0.0657,0.0285,0.15663609258386,0.0670248501388058,per-DUID,0.15,25-26,0.12,26-27,0.16,27-28,0.14333333333333334,0.21,25-26,0.19,26-27,0.22,27-28,0.20666666666666667
WELLSF1,Wellington Solar Farm ,Wellington,Y,Central West Orana,seed,NSW,NSW1,216.08,132.0,Solar,Photovoltaic Tracking Flat Panel,0.923,0.9273,0.0317,0.0929,0.15663609258386,0.0670248501388058,per-DUID,0.15,25-26,0.12,26-27,0.16,27-28,0.14333333333333334,0.21,25-26,0.19,26-27,0.22,27-28,0.20666666666666667
WSTWYSF1,West Wyalong Solar Farm,Griffith,N,Non-REZ,seed,NSW,NSW1,105.27,132.0,Solar,Photovoltaic Tracking Flat Panel,0.922,0.8865,0.1993,0.1422,0.64186785726147,0.0107432723897736,per-DUID,,25-26,,26-27,,27-28,,,25-26,,26-27,,27-28,
WRSF1,White Rock Solar Farm,Armidale,Y,New England,seed,NSW,NSW1,20.0,132.0,Solar,Photovoltaic Flat Panel,0.8149,0.8265,0.0653,0.0303,0.231026075027885,0.0508351004251619,per-DUID,0.1,25-26,0.15,26-27,0.24,27-28,0.16333333333333333,0.16,25-26,0.26,26-27,0.34,27-28,0.25333333333333335
WOLARSF1,Wollar Solar Farm,Wollar,N,Non-REZ,seed,NSW,NSW1,280.0,330.0,Solar,Photovoltaic Tracking Flat panel,0.957,0.955,,0.0219,0.158699742317549,0.000581408571101005,per-DUID,,25-26,,26-27,,27-28,,,25-26,,26-27,,27-28,
WYASF1,Wyalong Solar Farm,Wagga,N,Non-REZ,seed,NSW,NSW1,62.32,132.0,Solar,Photovoltaic Tracking Flat panel,0.922,0.8865,0.2072,0.1731,0.585990827565887,0.00631707880200049,per-DUID,,25-26,,26-27,,27-28,,,25-26,,26-27,,27-28,
ALDGASF1,Aldoga Solar Farm ,,,,,QLD,QLD1,535.213,,Solar,Photovoltalic Tracking Flat Panel,0.9318,0.8948,,0.1347,,,,,,,,,,,,,,,,,
BAKING1,Baking Board Solar Farm,Tarong,N,Non-REZ,seed,QLD,QLD1,14.7,132.0,Solar,Photovoltaic Tracking Flat panel,0.9593,0.9472,,,0.233985863287972,0.0559828223482727,per-DUID,,25-26,,26-27,,27-28,,,25-26,,26-27,,27-28,
BARCSF1,Barcaldine Solar Farm,,,,,QLD,QLD1,20.0,,Solar,Photovoltaic Tracking Flat panel,0.941,0.8878,,,,,,,,,,,,,,,,,,,
BLUEGSF1,Blue Grass Solar Farm,Tarong,Y,Darling Downs,seed,QLD,QLD1,148.0,132.0,Solar,Photovoltaic Tracking Flat panel,0.9543,0.9459,0.0234,0.0128,0.233985863287972,0.0559828223482727,per-DUID,0.0,25-26,0.0,26-27,0.0,27-28,0.0,0.01,25-26,0.02,26-27,0.02,27-28,0.016666666666666666
BRDDSF01,Broadsound Energy Park,,,,,QLD,QLD1,368.0,,Solar,Photovoltaic Tracking Flat panel,0.929,0.9247,,,,,,,,,,,,,,,,,,,
BUSF1,Bundaberg Solar Farm,,,,,QLD,QLD1,101.0,,Solar,Photovoltaic Tracking Flat panel,0.9677,0.9323,,,,,,,,,,,,,,,,,,,
CHILDSF1,Childers Solar Farm,Bundaberg,Y,Wide Bay,seed,QLD,QLD1,64.38,132.0,Solar,Photovoltaic Tracking Flat panel,0.9772,0.9523,0.1229,0.3065,0.218738210926131,0.0522010106762296,per-DUID,0.0,25-26,0.0,26-27,0.0,27-28,0.0,0.03,25-26,0.05,26-27,0.06,27-28,0.04666666666666667
CLARESF1,Clare Solar Farm,Ross,Y,Northern Queensland,seed,QLD,QLD1,110.4,132.0,Solar,Photovoltaic Tracking Flat panel,0.9363,0.8572,0.1872,0.3124,0.219557634008624,0.0510095644706063,per-DUID,0.0,25-26,0.0,26-27,0.0,27-28,0.0,0.01,25-26,0.04,26-27,0.04,27-28,0.03
CLERMSF1,Clermont Solar Farm,Lilyvale,Y,Isaac,seed,QLD,QLD1,92.5,132.0,Solar,Photovoltaic Tracking Flat panel,0.941,0.8878,0.0209,0.0783,0.22576156415161,0.0531062553506225,per-DUID,0.0,25-26,0.0,26-27,0.0,27-28,0.0,0.01,25-26,0.03,26-27,0.03,27-28,0.023333333333333334
CSPVPS1,Collinsville Solar PV Power Station,Strathmore,Y,Isaac,seed,QLD,QLD1,42.5,33.0,Solar,Photovoltaic Flat Panel,0.9413,0.8731,0.0057,0.0354,0.221997464026796,0.0524178948511446,per-DUID,0.0,25-26,0.0,26-27,0.0,27-28,0.0,0.01,25-26,0.03,26-27,0.03,27-28,0.023333333333333334
COLUMSF1,Columboola Solar Farm,Columboola,Y,Darling Downs,seed,QLD,QLD1,217.25,132.0,Solar,Photovoltaic Tracking Flat panel,0.9865,0.9831,0.0277,0.0025,0.223370431255546,0.0519780465459995,per-DUID,0.0,25-26,0.0,26-27,0.0,27-28,0.0,0.01,25-26,0.02,26-27,0.02,27-28,0.016666666666666666
DDSF1,Darling Downs Solar Farm,Western Downs,Y,Darling Downs,seed,QLD,QLD1,121.0,275.0,Solar,Photovoltaic Flat Panel,0.9849,0.981,0.01,0.0108,0.224633904533977,0.0520360014057779,per-DUID,0.0,25-26,0.0,26-27,0.0,27-28,0.0,0.01,25-26,0.02,26-27,0.02,27-28,0.016666666666666666
DAYDSF1,Daydream Solar Farm,Strathmore,Y,Isaac,seed,QLD,QLD1,167.75,33.0,Solar,Photovoltaic Tracking Flat panel,0.9396,0.8758,0.0384,0.2108,0.221997464026796,0.0524178948511446,per-DUID,0.0,25-26,0.0,26-27,0.0,27-28,0.0,0.01,25-26,0.03,26-27,0.03,27-28,0.023333333333333334
EDENVSF1,Edenvale Solar Park,Western Downs,Y,Darling Downs,seed,QLD,QLD1,180.0,275.0,Solar,Photovoltaic Tracking Flat panel,0.9823,0.9797,0.0583,0.129,0.224633904533977,0.0520360014057779,per-DUID,0.0,25-26,0.0,26-27,0.0,27-28,0.0,0.01,25-26,0.02,26-27,0.02,27-28,0.016666666666666666
EMERASF1,Emerald Solar Park,Lilyvale,N,Non-REZ,seed,QLD,QLD1,72.0,66.0,Solar,Photovoltaic Tracking Flat panel,0.9381,0.8854,0.004,0.0116,0.22576156415161,0.0531062553506225,per-DUID,,25-26,,26-27,,27-28,,,25-26,,26-27,,27-28,
GANGARR1,Gangarri Solar Farm,Western Downs,Y,Darling Downs,seed,QLD,QLD1,162.0,132.0,Solar,Photovoltaic Tracking Flat Panel,0.9977,0.9918,0.1932,0.35,0.224633904533977,0.0520360014057779,per-DUID,0.0,25-26,0.0,26-27,0.0,27-28,0.0,0.01,25-26,0.02,26-27,0.02,27-28,0.016666666666666666
GUSF1,Gunsynd Solar Farm,,,,,QLD,QLD1,122.775,,Solar,Photovoltaic Flat panel,0.9836,0.9827,,,,,,,,,,,,,,,,,,,
HAMISF1,Hamilton Solar Farm,Strathmore,Y,Isaac,seed,QLD,QLD1,57.5,33.0,Solar,Photovoltaic Tracking Flat panel,0.9385,0.872,0.074,0.2538,0.221997464026796,0.0524178948511446,per-DUID,0.0,25-26,0.0,26-27,0.0,27-28,0.0,0.01,25-26,0.03,26-27,0.03,27-28,0.023333333333333334
HAUGHT11,Haughton Solar Farm Stage 1,Ross,Y,Northern Queensland,seed,QLD,QLD1,132.6,275.0,Solar,Photovoltaic Tracking Flat panel,0.9475,0.8766,0.0878,0.0367,0.219557634008624,0.0510095644706063,per-DUID,0.0,25-26,0.0,26-27,0.0,27-28,0.0,0.01,25-26,0.04,26-27,0.04,27-28,0.03
HAYMSF1,Hayman Solar Farm,Strathmore,Y,Isaac,seed,QLD,QLD1,57.75,33.0,Solar,Photovoltaic Tracking Flat panel,0.9396,0.8758,0.2149,0.3371,0.221997464026796,0.0524178948511446,per-DUID,0.0,25-26,0.0,26-27,0.0,27-28,0.0,0.01,25-26,0.03,26-27,0.03,27-28,0.023333333333333334
HUGSF1,Hughenden Solar Farm,Ross,N,Non-REZ,seed,QLD,QLD1,20.97,132.0,Solar,Photovoltaic Tracking Flat panel,0.9516,0.8832,,,0.219557634008624,0.0510095644706063,per-DUID,,25-26,,26-27,,27-28,,,25-26,,26-27,,27-28,
KEPSF1,Kennedy Energy Park,Ross,Y,North Queensland Clean Energy Hub,seed,QLD,QLD1,15.0,132.0,Solar,Photovoltaic Tracking Flat panel,0.9813,0.9574,0.0902,0.0738,0.219557634008624,0.0510095644706063,per-DUID,0.0,25-26,0.0,26-27,0.0,27-28,0.0,0.02,25-26,0.03,26-27,0.03,27-28,0.02666666666666667
KSP1,Kidston Solar Project Phase One,Ross,Y,North Queensland Clean Energy Hub,seed,QLD,QLD1,50.0,132.0,Solar,Photovoltaic Flat panel,0.9516,0.8832,0.2351,0.3472,0.219557634008624,0.0510095644706063,per-DUID,0.0,25-26,0.0,26-27,0.0,27-28,0.0,0.02,25-26,0.03,26-27,0.03,27-28,0.02666666666666667
KINGASF1,Kingaroy Solar Farm,Tarong,N,Non-REZ,seed,QLD,QLD1,40.0,66.0,Solar,Photovoltaic Tracking Flat panel,0.9795,0.9791,,0.274,0.233985863287972,0.0559828223482727,per-DUID,,25-26,,26-27,,27-28,,,25-26,,26-27,,27-28,
LILYSF1,Lilyvale Solar Farm,Lilyvale,Y,Isaac,seed,QLD,QLD1,118.4,33.0,Solar,Photovoltaic Tracking Flat panel,0.9379,0.8824,0.1022,0.0369,0.22576156415161,0.0531062553506225,per-DUID,0.0,25-26,0.0,26-27,0.0,27-28,0.0,0.01,25-26,0.03,26-27,0.03,27-28,0.023333333333333334
LRSF1,Longreach Solar Farm,Lilyvale,N,Non-REZ,seed,QLD,QLD1,15.0,132.0,Solar,Photovoltaic Tracking Flat panel,0.941,0.8878,,,0.22576156415161,0.0531062553506225,per-DUID,,25-26,,26-27,,27-28,,,25-26,,26-27,,27-28,
MARYRSF1,Maryrorough Solar Farm,Middle Ridge,Y,Darling Downs,seed,QLD,QLD1,34.5,110.0,Solar,Photovoltaic Tracking Flat panel,0.9888,0.987,0.1165,0.3673,0.23150076097273,0.0544394673584698,per-DUID,0.0,25-26,0.0,26-27,0.0,27-28,0.0,0.01,25-26,0.02,26-27,0.02,27-28,0.016666666666666666
MIDDLSF1,Middlemount Solar Farm,,,,,QLD,QLD1,30.0,,Solar,Photovoltaic Tracking Flat panel,0.9381,0.8854,0.0531,0.2608,,,,,,,,,,,,,,,,,
MOUSF1,Moura Solar Farm,Calliope River,Y,Fitzroy,seed,QLD,QLD1,99.0,132.0,Solar,Photovoltaic Tracking Flat panel,0.9328,0.885,0.0082,0.0238,0.216663358752891,0.0509815379375577,per-DUID,0.0,25-26,0.0,26-27,0.0,27-28,0.0,0.01,25-26,0.04,26-27,0.02,27-28,0.023333333333333334
MUCRKSF1,Munna Creek Solar Farm,,,,,QLD,QLD1,154.0,,Solar,Photovoltaic Tracking Flat panel,0.9759,0.9579,,,,,,,,,,,,,,,,,,,
OAKEY1SF,Oakey 1 Solar Farm,Middle Ridge,Y,Darling Downs,seed,QLD,QLD1,25.0,110.0,Solar,Photovoltaic Tracking Flat panel,0.9852,0.9856,0.3341,0.362,0.23150076097273,0.0544394673584698,per-DUID,0.0,25-26,0.0,26-27,0.0,27-28,0.0,0.01,25-26,0.02,26-27,0.02,27-28,0.016666666666666666
OAKEY2SF,Oakey 2 Solar Farm,Middle Ridge,Y,Darling Downs,seed,QLD,QLD1,55.64,110.0,Solar,Photovoltaic Tracking Flat panel,0.9852,0.9856,0.096,0.2724,0.23150076097273,0.0544394673584698,per-DUID,0.0,25-26,0.0,26-27,0.0,27-28,0.0,0.01,25-26,0.02,26-27,0.02,27-28,0.016666666666666666
RRSF1,Ross River Solar Farm,Ross,Y,Northern Queensland,seed,QLD,QLD1,128.0,132.0,Solar,Photovoltaic Tracking Flat panel,0.9516,0.8832,0.0115,0.0282,0.219557634008624,0.0510095644706063,per-DUID,0.0,25-26,0.0,26-27,0.0,27-28,0.0,0.01,25-26,0.04,26-27,0.04,27-28,0.03
RUGBYR1,Rugby Run Solar Farm,Lilyvale,Y,Isaac,seed,QLD,QLD1,65.0,132.0,Solar,Photovoltaic Tracking Flat panel,0.9463,0.8932,0.0786,0.229,0.22576156415161,0.0531062553506225,per-DUID,0.0,25-26,0.0,26-27,0.0,27-28,0.0,0.01,25-26,0.03,26-27,0.03,27-28,0.023333333333333334
SMCSF1,Sun Metals Solar Farm,Townsville,Y,Northern Queensland,seed,QLD,QLD1,143.0,132.0,Solar,Photovoltaic Flat panel,1.0151,1.0179,0.1003,0.2386,0.219325121104852,0.0509806543175163,per-DUID,0.0,25-26,0.0,26-27,0.0,27-28,0.0,0.01,25-26,0.04,26-27,0.04,27-28,0.03
SRSF1,Susan River Solar Farm,Bundaberg,Y,Wide Bay,seed,QLD,QLD1,85.26,132.0,Solar,Photovoltaic Flat panel,0.9772,0.9523,0.1189,0.2939,0.218738210926131,0.0522010106762296,per-DUID,0.0,25-26,0.0,26-27,0.0,27-28,0.0,0.03,25-26,0.05,26-27,0.06,27-28,0.04666666666666667
VALDORA1,Valdora Solar Farm,Palmwoods,N,Non-REZ,seed,QLD,QLD1,15.0,132.0,Solar,Photovoltaic Flat panel,1.0144,1.0132,,,0.240575567460725,0.0593284659737539,per-DUID,,25-26,,26-27,,27-28,,,25-26,,26-27,,27-28,
WANDSF1,Wandoan Solar Farm,Columboola,Y,Darling Downs,seed,QLD,QLD1,160.0,275.0,Solar,Photovoltaic Flat Panel,0.9975,0.985,0.1975,0.3758,0.223370431255546,0.0519780465459995,per-DUID,0.0,25-26,0.0,26-27,0.0,27-28,0.0,0.01,25-26,0.02,26-27,0.02,27-28,0.016666666666666666
WANDSF2,Wandoan Solar Farm,,,,,QLD,QLD1,310.0,,Solar,Photovoltaic Flat Panel,0.9975,0.985,,,,,,,,,,,,,,,,,,,
WARWSF1,Warwick Solar Farm 1 ,Middle Ridge,Y,Darling Downs,seed,QLD,QLD1,32.1,110.0,Solar,Photovoltaic Flat Panel,0.9888,0.987,0.39,0.5046,0.23150076097273,0.0544394673584698,per-DUID,0.0,25-26,0.0,26-27,0.0,27-28,0.0,0.01,25-26,0.02,26-27,0.02,27-28,0.016666666666666666
WARWSF2,Warwick Solar Farm 2,Middle Ridge,Y,Darling Downs,seed,QLD,QLD1,32.1,110.0,Solar,Photovoltaic Flat Panel,0.9888,0.987,0.394,0.5084,0.23150076097273,0.0544394673584698,per-DUID,0.0,25-26,0.0,26-27,0.0,27-28,0.0,0.01,25-26,0.02,26-27,0.02,27-28,0.016666666666666666
WDGPH1,Western Downs GPH,,,,,QLD,QLD1,501.0,,Solar,Photovoltaic Tracking Flat Panel,0.9767,0.9761,0.1745,0.0315,,,,,,,,,,,,,,,,,
WHITSF1,Whitsunday Solar Farm,Strathmore,Y,Isaac,seed,QLD,QLD1,57.5,33.0,Solar,Photovoltaic Tracking Flat Panel,0.9398,0.8736,0.3037,0.3572,0.221997464026796,0.0524178948511446,per-DUID,0.0,25-26,0.0,26-27,0.0,27-28,0.0,0.01,25-26,0.03,26-27,0.03,27-28,0.023333333333333334
WOOLGSF1,Woolooga Solar Farm,Woolooga,Y,Wide Bay,seed,QLD,QLD1,222.5,132.0,Solar,Photovoltaic Tracking Flat panel,0.9787,0.9568,0.2353,0.0665,0.23173278497921,0.0558256772551647,per-DUID,0.0,25-26,0.0,26-27,0.0,27-28,0.0,0.03,25-26,0.05,26-27,0.06,27-28,0.04666666666666667
YARANSF1,Yarranlea Solar Farm,Middle Ridge,Y,Darling Downs,seed,QLD,QLD1,121.0,110.0,Solar,Photovoltaic Tracking Flat panel,0.9888,0.987,0.1371,0.2328,0.23150076097273,0.0544394673584698,per-DUID,0.0,25-26,0.0,26-27,0.0,27-28,0.0,0.01,25-26,0.02,26-27,0.02,27-28,0.016666666666666666
ADPPV1,Adelaide Desalination Plant,,,,,SA,SA1,24.75,,Solar,Photovoltaic Tracking Flat panel,1.0037,1.0033,0.2756,,,,,,,,,,,,,,,,,,
ADPPV2,Adelaide Desalination Plant,,,,,SA,SA1,0.2,,Solar,Photovoltaic Flat panel,1.0037,1.0033,,,,,,,,,,,,,,,,,,,
ADPPV3,Adelaide Desalination Plant,,,,,SA,SA1,0.02,,Solar,Photovoltaic Flat panel,1.0037,1.0033,,,,,,,,,,,,,,,,,,,
BOWWPV1,Bolivar Waste Water Treatment Plant,,,,,SA,SA1,8.25,,Solar,Photovoltaic Tracking Flat panel,0.9999,1.0002,0.1844,0.2168,,,,,,,,,,,,,,,,,
BNGSF1,Bungala One Solar Farm,Davenport,Y,Northern South Australia,seed,SA,SA1,135.0,132.0,Solar,Photovoltaic Tracking Flat panel,0.9725,0.9703,0.3552,,0.501077617843089,0.212860651220515,per-DUID,0.0,25-26,0.0,26-27,0.0,27-28,0.0,0.07,25-26,0.08,26-27,0.07,27-28,0.07333333333333335
BNGSF2,Bungala Two Solar Farm,Davenport,Y,Northern South Australia,seed,SA,SA1,135.0,132.0,Solar,Photovoltaic Tracking Flat panel,0.9725,0.9703,0.2949,0.3494,0.501077617843089,0.212860651220515,per-DUID,0.0,25-26,0.0,26-27,0.0,27-28,0.0,0.07,25-26,0.08,26-27,0.07,27-28,0.07333333333333335
CBWWPV1,Christies Beach Wastewater Treatment Plant,,,,,SA,SA1,2.75,,Solar,Photovoltaic Tracking Flat panel,1.0037,1.0033,,,,,,,,,,,,,,,,,,,
CBWWPV2,Christies Beach Wastewater Treatment Plant,,,,,SA,SA1,1.08,,Solar,Photovoltaic Tracking Flat panel,1.0037,1.0033,,,,,,,,,,,,,,,,,,,
HVWWPV1,Happy Valley Water Treatment Plant,Para,N,Non-REZ,seed,SA,SA1,11.0,66.0,Solar,Photovoltaic Tracking Flat panel,1.0024,1.0022,0.2554,0.3269,0.511388342191138,0.22265637813532,per-DUID,,25-26,,26-27,,27-28,,,25-26,,26-27,,27-28,
MAPS2PV1,"Mannum - Adelaide Pipeline Pumping Station No 2, PV Units 1-6",Mobilong,Y,South East South Australia,seed,SA,SA1,16.5,3.3,Solar,Photovoltaic Tracking Flat panel,1.0257,1.0134,0.2156,,0.510590381447813,0.225784053085401,per-DUID,0.0,25-26,0.0,26-27,0.0,27-28,0.0,0.0,25-26,0.0,26-27,0.0,27-28,0.0
MAPS3PV1,"Mannum - Adelaide Pipeline Pumping Station No 3, PV Units 1-6",Mobilong,Y,South East South Australia,seed,SA,SA1,16.5,3.3,Solar,Photovoltaic Tracking Flat panel,1.0252,1.0137,,,0.510590381447813,0.225784053085401,per-DUID,0.0,25-26,0.0,26-27,0.0,27-28,0.0,0.0,25-26,0.0,26-27,0.0,27-28,0.0
MANNSF2,Mannum 2 Solar Farm,Mobilong,Y,Riverland,seed,SA,SA1,29.99,33.0,Solar,Photovoltaic Tracking Flat panel,0.9932,0.9959,0.3249,0.2807,0.510590381447813,0.225784053085401,per-DUID,0.0,25-26,0.0,26-27,0.0,27-28,0.0,0.16,25-26,0.16,26-27,0.16,27-28,0.16
MWPS1PV1,Morgan-Whyalla Pipeline Pumping Station No 1,Waterloo,Y,Riverland,seed,SA,SA1,5.5,3.3,Solar,Photovoltaic Tracking Flat panel,1.0146,0.9541,0.2753,0.3888,0.65425629128861,0.512670422089759,per-DUID,0.0,25-26,0.0,26-27,0.0,27-28,0.0,0.16,25-26,0.16,26-27,0.16,27-28,0.16
MWPS2PV1,Morgan-Whyalla Pipeline Pumping Station No 2,Waterloo,Y,Riverland,seed,SA,SA1,5.5,3.3,Solar,Photovoltaic Tracking Flat panel,1.003,0.9664,0.2707,0.3988,0.65425629128861,0.512670422089759,per-DUID,0.0,25-26,0.0,26-27,0.0,27-28,0.0,0.16,25-26,0.16,26-27,0.16,27-28,0.16
MWPS3PV1,Morgan-Whyalla Pipeline Pumping Station No 3,Waterloo,Y,Riverland,seed,SA,SA1,7.5,3.3,Solar,Photovoltaic Tracking Flat panel,0.9897,0.9741,0.148,0.286,0.65425629128861,0.512670422089759,per-DUID,0.0,25-26,0.0,26-27,0.0,27-28,0.0,0.16,25-26,0.16,26-27,0.16,27-28,0.16
MWPS4PV1,Morgan-Whyalla Pipeline Pumping Station No 4,Waterloo,Y,Riverland,seed,SA,SA1,5.5,3.3,Solar,Photovoltaic Tracking Flat panel,0.9837,0.9773,0.2332,0.3481,0.65425629128861,0.512670422089759,per-DUID,0.0,25-26,0.0,26-27,0.0,27-28,0.0,0.16,25-26,0.16,26-27,0.16,27-28,0.16
MBPS2PV1,Murray Bridge-Onkaparinga Pipeline Pumping Station No 2,Mobilong,Y,South East South Australia,seed,SA,SA1,13.75,11.0,Solar,Photovoltaic Tracking Flat panel,1.0127,1.011,0.2613,,0.510590381447813,0.225784053085401,per-DUID,0.0,25-26,0.0,26-27,0.0,27-28,0.0,0.0,25-26,0.0,26-27,0.0,27-28,0.0
PAREPS1,Port Augusta Renewable Energy Park,Davenport,Y,Northern South Australia,seed,SA,SA1,79.2,275.0,Solar,Photovoltaic Flat panel,0.9735,0.9709,0.4012,0.4797,0.501077617843089,0.212860651220515,per-DUID,0.0,25-26,0.0,26-27,0.0,27-28,0.0,0.07,25-26,0.08,26-27,0.07,27-28,0.07333333333333335
TB2SF1,Tailem Bend 2 Hybrid Renewable Power Station,Tailem Bend,N,Non-REZ,seed,SA,SA1,105.0,132.0,Solar,Photovoltaic Flat Panel,0.9945,0.9968,0.3167,0.4573,0.511370986967519,0.22945882760626,per-DUID,,25-26,,26-27,,27-28,,,25-26,,26-27,,27-28,
TBSF1,Tailem Bend Solar Project 1,Tailem Bend,N,Non-REZ,seed,SA,SA1,108.0,132.0,Solar,Photovoltaic Flat Panel,0.9952,0.9978,0.384,0.5138,0.511370986967519,0.22945882760626,per-DUID,,25-26,,26-27,,27-28,,,25-26,,26-27,,27-28,
BANN1,Bannerton Solar Park,Wemen,Y,Murray River,seed,VIC,VIC1,100.0,66.0,Solar,Photovoltaic Tracking Flat panel,0.8986,0.9092,0.272,0.1812,0.833539620209753,0.164192244302687,per-DUID,0.02,25-26,0.06,26-27,0.0,27-28,0.02666666666666667,0.11,25-26,0.17,26-27,0.08,27-28,0.12000000000000001
CRWARP1,Carwarp Solar Farm,,,,,VIC,VIC1,186.0,,Solar,Photovoltaic Tracking Flat panel,0.8883,0.8963,,,,,,,,,,,,,,,,,,,
COHUNSF1,Cohuna Solar Farm,Kerang,Y,Murray River,seed,VIC,VIC1,31.16,66.0,Solar,Photovoltaic Tracking Flat panel,0.9305,0.929,,0.283,0.547516873654646,0.122422882740379,per-DUID,0.02,25-26,0.06,26-27,0.0,27-28,0.02666666666666667,0.11,25-26,0.17,26-27,0.08,27-28,0.12000000000000001
GANNSF1,Gannawarra Solar Farm,Kerang,Y,Murray River,seed,VIC,VIC1,55.0,66.0,Solar,Photovoltaic Tracking Flat panel,0.9305,0.929,0.0546,0.079,0.547516873654646,0.122422882740379,per-DUID,0.02,25-26,0.06,26-27,0.0,27-28,0.02666666666666667,0.11,25-26,0.17,26-27,0.08,27-28,0.12000000000000001
GIRGSF,Girgarre Solar Farm,Shepparton,Y,Central North Victoria,seed,VIC,VIC1,93.48,66.0,Solar,Photovoltaic Tracking Flat panel,0.9463,0.921,0.265,0.3426,0.389503957787889,0.0820562986768194,per-DUID,0.0,25-26,0.0,26-27,0.0,27-28,0.0,0.04,25-26,0.07,26-27,0.1,27-28,0.07
GLENSF1,Glenrowan Solar Farm,Dederang,Y,Central North Victoria,seed,VIC,VIC1,126.0,220.0,Solar,Photovoltaic Tracking Flat Panel,0.949,0.9294,0.0792,0.0243,0.390717855103594,0.0899776871248981,per-DUID,0.0,25-26,0.0,26-27,0.0,27-28,0.0,0.04,25-26,0.07,26-27,0.1,27-28,0.07
GLRWNSF1,Glenrowan West Solar Farm,,,,,VIC,VIC1,132.0,,Solar,Photovoltaic Tracking Flat Panel,0.9402,0.9211,0.2409,0.3528,,,,,,,,,,,,,,,,,
GOESF1,Goorambat East Solar Farm,,,,,VIC,VIC1,348.6,,Solar,Photovoltaic Tracking Flat panel,0.9328,0.9261,,,,,,,,,,,,,,,,,,,
KARSF1,Karadoc Solar Farm,Red Cliffs,Y,Murray River,seed,VIC,VIC1,104.5,66.0,Solar,Photovoltaic Flat panel,0.8895,0.9051,0.1687,0.1716,0.8554020168196,0.072415601225557,per-DUID,0.02,25-26,0.06,26-27,0.0,27-28,0.02666666666666667,0.11,25-26,0.17,26-27,0.08,27-28,0.12000000000000001
KERNGSP1,Kerang Solar Plant,,,,,VIC,VIC1,37.0,,Solar,Photovoltaic Tracking Flat Panel,0.9329,0.9311,,0.1812,,,,,,,,,,,,,,,,,
KIAMSF1,Kiamal Solar Farm,Kiamal,Y,Murray River,seed,VIC,VIC1,199.95,220.0,Solar,Photovoltaic Tracking Flat Panel,0.8785,0.8738,0.1136,0.1491,0.827440107601162,0.0878331516592939,per-DUID,0.02,25-26,0.06,26-27,0.0,27-28,0.02666666666666667,0.11,25-26,0.17,26-27,0.08,27-28,0.12000000000000001
LANCSF1,Lancaster Solar Farm,,,,,VIC,VIC1,94.0,,Solar,Photovoltaic Tracking Flat panel,0.9441,0.921,,,,,,,,,,,,,,,,,,,
MOKOSF1,Mokoan Solar Farm,,,,,VIC,VIC1,58.0,,Solar,Photovoltaic Tracking Flat panel,0.9415,0.9257,,0.4115,,,,,,,,,,,,,,,,,
NUMURSF1,Numurkah Solar Farm,Shepparton,Y,Central North Victoria,seed,VIC,VIC1,101.08,66.0,Solar,Photovoltaic Tracking Flat panel,0.9463,0.921,0.1415,0.3001,0.389503957787889,0.0820562986768194,per-DUID,0.0,25-26,0.0,26-27,0.0,27-28,0.0,0.04,25-26,0.07,26-27,0.1,27-28,0.07
WNSF1,Wangaratta Solar Farm,,,,,VIC,VIC1,26.4,,Solar,Photovoltaic Tracking Flat Panel,0.9519,0.9282,,,,,,,,,,,,,,,,,,,
WEMENSF1,Wemen Solar Farm,Wemen,Y,Murray River,seed,VIC,VIC1,97.5,66.0,Solar,Photovoltaic Tracking Flat Panel,0.8986,0.9092,0.2739,0.1689,0.833539620209753,0.164192244302687,per-DUID,0.02,25-26,0.06,26-27,0.0,27-28,0.02666666666666667,0.11,25-26,0.17,26-27,0.08,27-28,0.12000000000000001
WINTSF1,Winton Solar Farm,Dederang,Y,Central North Victoria,seed,VIC,VIC1,85.0,66.0,Solar,Photovoltaic Tracking Flat Panel,0.9402,0.9211,,0.0809,0.390717855103594,0.0899776871248981,per-DUID,0.0,25-26,0.0,26-27,0.0,27-28,0.0,0.04,25-26,0.07,26-27,0.1,27-28,0.07
WUNUSF1,Wunghnu Solar Farm,Shepparton,N,Non-REZ,seed,VIC,VIC1,93.5,66.0,Solar,Photovoltaic Tracking Flat panel,0.9463,0.921,,0.3914,0.389503957787889,0.0820562986768194,per-DUID,,25-26,,26-27,,27-28,,,25-26,,26-27,,27-28,
YATSF1,Yatpool Solar Farm,Red Cliffs,Y,Murray River,seed,VIC,VIC1,44.0,66.0,Solar,Photovoltaic Tracking Flat panel,0.8895,0.9051,0.2487,0.241,0.8554020168196,0.072415601225557,per-DUID,0.02,25-26,0.06,26-27,0.0,27-28,0.02666666666666667,0.11,25-26,0.17,26-27,0.08,27-28,0.12000000000000001
BANGOWF1,Bango 973 Wind Farm,,,,,NSW,NSW1,159.0,,Wind,Wind - Onshore,0.9226,0.9254,0.0554,0.0665,,,,,,,,,,,,,,,,,
BANGOWF2,Bango 999 Wind Farm,,,,,NSW,NSW1,84.8,,Wind,Wind - Onshore,0.9355,0.9391,0.1371,0.1505,,,,,,,,,,,,,,,,,
BOCORWF1,Boco Rock Wind Farm,,,,,NSW,NSW1,113.18,,Wind,Wind - Onshore,0.9557,0.9638,0.0145,0.0037,,,,,,,,,,,,,,,,,
BODWF1,Bodangora Wind Farm ,,,,,NSW,NSW1,113.19,,Wind,Wind - Onshore,0.9638,0.9545,0.0266,0.0182,,,,,,,,,,,,,,,,,
CAPTL_WF,Capital Wind Farm,,,,,NSW,NSW1,140.0,,Wind,Wind - Onshore,0.9649,0.9694,,,,,,,,,,,,,,,,,,,
COLWF01,Collector Wind Farm 1,,,,,NSW,NSW1,226.0,,Wind,Wind - Onshore,0.9628,0.9643,0.0067,0.0088,,,,,,,,,,,,,,,,,
CROOKWF2,Crookwell 2 Wind Farm,,,,,NSW,NSW1,96.04,,Wind,Wind - Onshore,0.9644,0.9644,,0.0146,,,,,,,,,,,,,,,,,
CROOKWF3,Crookwell 3 Wind Farm,,,,,NSW,NSW1,57.0,,Wind,Wind - Onshore,0.962,0.9642,,0.0221,,,,,,,,,,,,,,,,,
CRURWF1,Crudine Ridge Wind Farm,,,,,NSW,NSW1,141.0,,Wind,Wind - Onshore,0.9409,0.9276,0.0311,0.0188,,,,,,,,,,,,,,,,,
CULLRGWF,Cullerin Range Wind Farm,,,,,NSW,NSW1,30.0,,Wind,Wind - Onshore,0.9521,0.9528,,,,,,,,,,,,,,,,,,,
FLYCRKWF,Flyers Creek Wind Farm,,,,,NSW,NSW1,145.0,,Wind,Wind - Onshore,1.0278,1.0047,0.052,0.0195,,,,,,,,,,,,,,,,,
GULLRWF1,Gullen Range Wind Farm,,,,,NSW,NSW1,165.0,,Wind,Wind - Onshore,0.962,0.9635,0.0171,0.0076,,,,,,,,,,,,,,,,,
GULLRWF2,Gullen Range Wind Farm,,,,,NSW,NSW1,110.0,,Wind,Wind - Onshore,0.962,0.9635,0.0574,0.01,,,,,,,,,,,,,,,,,
GUNNING1,Gunning Wind Farm,,,,,NSW,NSW1,46.5,,Wind,Wind - Onshore,0.9521,0.9528,0.018,0.0217,,,,,,,,,,,,,,,,,
RYEPARK1,Rye Park Renewable Energy,,,,,NSW,NSW1,396.0,,Wind,Wind - Onshore,0.9595,0.9618,0.0136,0.004,,,,,,,,,,,,,,,,,
SAPHWF1,Sapphire Wind Farm,,,,,NSW,NSW1,270.0,,Wind,Wind - Onshore,0.8558,0.8661,0.0057,0.0103,,,,,,,,,,,,,,,,,
STWF1,Silverton Wind Farm,,,,,NSW,NSW1,198.94,,Wind,Wind - Onshore,0.8627,0.896,0.0655,0.0804,,,,,,,,,,,,,,,,,
TARALGA1,Taralga Wind Farm,,,,,NSW,NSW1,106.8,,Wind,Wind - Onshore,0.9971,1.0029,0.0002,0.0034,,,,,,,,,,,,,,,,,
WRWF1,White Rock Wind Farm,,,,,NSW,NSW1,175.0,,Wind,Wind - Onshore,0.8149,0.8265,0.0579,0.0601,,,,,,,,,,,,,,,,,
WOODLWN1,Woodlawn Wind Farm,,,,,NSW,NSW1,48.3,,Wind,Wind - Onshore,0.9649,0.9694,0.0304,0.0235,,,,,,,,,,,,,,,,,
CLRKCWF1,Clarke Creek Wind Farm,,,,,QLD,QLD1,345.5,,Wind,Wind - Onshore,0.943,0.9313,,0.0425,,,,,,,,,,,,,,,,,
CLRKCWF2,Clarke Creek Wind Farm,,,,,QLD,QLD1,103.5,,Wind,Wind - Onshore,0.943,0.9313,,0.029,,,,,,,,,,,,,,,,,
COOPGWF1,Coopers Gap Wind Farm,,,,,QLD,QLD1,452.0,,Wind,Wind - Onshore,0.9691,0.9704,0.0306,0.0532,,,,,,,,,,,,,,,,,
DULAWF1,Dulacca Wind Farm,,,,,QLD,QLD1,180.0,,Wind,Wind - Onshore,0.9853,0.987,0.0033,0.0011,,,,,,,,,,,,,,,,,
KABANWF1,Kaban Wind Farm,,,,,QLD,QLD1,156.0,,Wind,Wind - Onshore,0.9696,0.9442,0.0141,0.0766,,,,,,,,,,,,,,,,,
KEPWF1,Kennedy Energy Park,,,,,QLD,QLD1,43.0,,Wind,Wind - Onshore,0.9813,0.9574,0.024,0.0136,,,,,,,,,,,,,,,,,
MCINTYR1,MacIntyre Wind Farm,,,,,QLD,QLD1,923.0,,Wind,Wind - Onshore,0.9723,0.9729,,0.0035,,,,,,,,,,,,,,,,,
MEWF1,Mount Emerald Wind Farm,,,,,QLD,QLD1,180.0,,Wind,Wind - Onshore,0.9649,0.9396,0.0425,0.0189,,,,,,,,,,,,,,,,,
WAMBOWF1,Wambo Wind Farm 1,,,,,QLD,QLD1,252.0,,Wind,Wind - Onshore,0.967,0.9701,,0.0039,,,,,,,,,,,,,,,,,
WAMBOWF2,Wambo Wind Farm 2,,,,,QLD,QLD1,254.0,,Wind,Wind - Onshore,0.9672,0.9685,,,,,,,,,,,,,,,,,,,
WHILL1,Windy Hill Wind Farm,,,,,QLD,QLD1,12.0,,Wind,Wind - Onshore,1.0128,1.013,,,,,,,,,,,,,,,,,,,
CNUNDAWF,Canunda Wind Farm,,,,,SA,SA1,46.0,,Wind,Wind - Onshore,0.9333,0.9527,0.2612,0.2954,,,,,,,,,,,,,,,,,
CATHROCK,Cathedral Rocks,,,,,SA,SA1,66.0,,Wind,Wind - Onshore,0.9467,0.9417,0.0518,0.0381,,,,,,,,,,,,,,,,,
CLEMGPWF,Clements Gap Wind Farm,,,,,SA,SA1,57.0,,Wind,Wind - Onshore,0.9604,0.9614,0.0062,0.0178,,,,,,,,,,,,,,,,,
GSWF1A,Goyder South Wind Farm 1A,,,,,SA,SA1,209.0,,Wind,Wind - Onshore,0.9697,0.9687,0.1796,0.094,,,,,,,,,,,,,,,,,
GSWF1B1,Goyder South Wind Farm 1B,,,,,SA,SA1,203.0,,Wind,Wind - Onshore,0.9689,0.9687,,0.2785,,,,,,,,,,,,,,,,,
HALLWF1,Hallett 1 Wind Farm,,,,,SA,SA1,94.5,,Wind,Wind - Onshore,0.9663,0.9628,0.1209,0.1935,,,,,,,,,,,,,,,,,
HALLWF2,Hallett 2 Wind Farm,,,,,SA,SA1,71.4,,Wind,Wind - Onshore,0.9608,0.9606,0.1083,0.1916,,,,,,,,,,,,,,,,,
HDWF1,Hornsdale Wind Farm,,,,,SA,SA1,102.4,,Wind,Wind - Onshore,0.956,0.9533,0.0034,0.0016,,,,,,,,,,,,,,,,,
HDWF2,Hornsdale Wind Farm 2,,,,,SA,SA1,102.4,,Wind,Wind - Onshore,0.956,0.9533,0.0038,0.0011,,,,,,,,,,,,,,,,,
HDWF3,Hornsdale Wind Farm 3,,,,,SA,SA1,112.0,,Wind,Wind - Onshore,0.956,0.9533,0.0028,0.0015,,,,,,,,,,,,,,,,,
LKBONNY2,Lake Bonney Stage 2 Windfarm,,,,,SA,SA1,159.0,,Wind,Wind - Onshore,0.9297,0.9468,0.2,0.2497,,,,,,,,,,,,,,,,,
LKBONNY3,Lake Bonney Stage 3 Wind Farm,,,,,SA,SA1,39.0,,Wind,Wind - Onshore,0.9297,0.9468,0.2652,0.2733,,,,,,,,,,,,,,,,,
LKBONNY1,Lake Bonney Wind Farm Stage 1,,,,,SA,SA1,80.5,,Wind,Wind - Onshore,0.9297,0.9468,0.2637,0.3006,,,,,,,,,,,,,,,,,
LGAPWF1,Lincoln Gap Wind Farm,,,,,SA,SA1,126.0,,Wind,Wind - Onshore,0.9689,0.9661,0.1458,0.1783,,,,,,,,,,,,,,,,,
LGAPWF2,Lincoln Gap Wind Farm,,,,,SA,SA1,86.0,,Wind,Wind - Onshore,0.9689,0.9661,0.1653,0.1995,,,,,,,,,,,,,,,,,
MTMILLAR,Mt Millar Wind Farm,,,,,SA,SA1,70.0,,Wind,Wind - Onshore,0.9403,0.9387,0.3052,0.1511,,,,,,,,,,,,,,,,,
NBHWF1,North Brown Hill Wind Farm,,,,,SA,SA1,132.3,,Wind,Wind - Onshore,0.9579,0.9572,0.1223,0.1729,,,,,,,,,,,,,,,,,
PAREPW1,Port Augusta Renewable Energy Park,,,,,SA,SA1,210.0,,Wind,Wind - Onshore,0.9735,0.9709,0.1999,0.2153,,,,,,,,,,,,,,,,,
SNOWSTH1,Snowtown South Wind Farm,,,,,SA,SA1,126.0,,Wind,Wind - Onshore,0.9695,0.9699,0.0037,0.0022,,,,,,,,,,,,,,,,,
SNOWNTH1,Snowtown Wind Farm Stage 2 North,,,,,SA,SA1,144.0,,Wind,Wind - Onshore,0.9695,0.9699,0.0027,0.0027,,,,,,,,,,,,,,,,,
SNOWTWN1,Snowtown Wind Farm Units 1 And 47,,,,,SA,SA1,99.0,,Wind,Wind - Onshore,0.9157,0.9132,0.1863,0.2696,,,,,,,,,,,,,,,,,
STARHLWF,Starfish Hill Wind Farm,,,,,SA,SA1,34.5,,Wind,Wind - Onshore,1.0037,1.0033,0.0,0.0,,,,,,,,,,,,,,,,,
BLUFF1,The Bluff Wind Farm,,,,,SA,SA1,52.5,,Wind,Wind - Onshore,0.9579,0.9572,0.0906,0.1905,,,,,,,,,,,,,,,,,
WATERLWF,Waterloo Wind Farm,,,,,SA,SA1,130.8,,Wind,Wind - Onshore,0.9624,0.9611,0.0206,0.0121,,,,,,,,,,,,,,,,,
WPWF,Wattle Point Wind Farm,,,,,SA,SA1,90.75,,Wind,Wind - Onshore,0.8456,0.8476,0.1686,0.2013,,,,,,,,,,,,,,,,,
WGWF1,Willogoleche Wind Farm,,,,,SA,SA1,122.0,,Wind,Wind - Onshore,0.9601,0.9592,0.0432,0.0341,,,,,,,,,,,,,,,,,
CTHLWF1,Cattle Hill Wind Farm,,,,,TAS,TAS1,148.0,,Wind,Wind - Onshore,0.9924,1.0088,0.0069,0.0,,,,,,,,,,,,,,,,,
GRANWF1,Granville Harbour Wind Farm,,,,,TAS,TAS1,110.0,,Wind,Wind - Onshore,0.9555,0.9688,0.0033,0.0,,,,,,,,,,,,,,,,,
MUSSELR1,Musselroe Wind Farm,,,,,TAS,TAS1,168.0,,Wind,Wind - Onshore,0.9101,0.9188,0.0136,0.0193,,,,,,,,,,,,,,,,,
WOOLNTH1,Woolnorth Studland Bay / Bluff Point Wind Farm,,,,,TAS,TAS1,140.0,,Wind,Wind - Onshore,0.9224,0.9371,,,,,,,,,,,,,,,,,,,
ARWF1,Ararat Wind Farm,,,,,VIC,VIC1,241.59,,Wind,Wind - Onshore,0.9031,0.898,0.0488,0.072,,,,,,,,,,,,,,,,,
BALDHWF1,Bald Hills Wind Farm,,,,,VIC,VIC1,106.6,,Wind,Wind - Onshore,0.9862,0.992,0.0051,0.003,,,,,,,,,,,,,,,,,
BRYB2WF2,Berrybank 2 Wind Farm,,,,,VIC,VIC1,109.0,,Wind,Wind - Onshore,0.9465,0.9436,0.2029,0.0827,,,,,,,,,,,,,,,,,
BRYB1WF1,Berrybank Wind Farm,,,,,VIC,VIC1,180.6,,Wind,Wind - Onshore,0.9465,0.9436,0.0325,0.016,,,,,,,,,,,,,,,,,
BULGANA1,Bulgana Green Power Hub,,,,,VIC,VIC1,204.0,,Wind,Wind - Onshore,0.8907,0.8868,0.0293,0.0119,,,,,,,,,,,,,,,,,
CHALLHWF,Challicum Hills Wind Farm,,,,,VIC,VIC1,52.5,,Wind,Wind - Onshore,0.9825,0.9791,,,,,,,,,,,,,,,,,,,
CHPSTWF1,Chepstowe Wind Farm,,,,,VIC,VIC1,6.15,,Wind,Wind - Onshore,0.9825,,,,,,,,,,,,,,,,,,,,
CHYTWF1,Cherry Tree Wind Farm,,,,,VIC,VIC1,57.6,,Wind,Wind - Onshore,0.998,0.9977,0.099,0.1302,,,,,,,,,,,,,,,,,
CODRNGTON,Codrington Wind Farm,,,,,VIC,VIC1,18.2,,Wind,Wind - Onshore,1.0018,0.9949,,,,,,,,,,,,,,,,,,,
CBWF1,Coonooer Bridge Wind Farm,,,,,VIC,VIC1,19.8,,Wind,Wind - Onshore,1.0166,1.0031,,,,,,,,,,,,,,,,,,,
CROWLWF1,Crowlands Wind Farm,,,,,VIC,VIC1,79.95,,Wind,Wind - Onshore,0.9004,0.8966,0.0768,0.2036,,,,,,,,,,,,,,,,,
DIAPURWF1,Diapur Wind Farm,,,,,VIC,VIC1,8.0,,Wind,Wind - Onshore,0.8959,0.8954,,,,,,,,,,,,,,,,,,,
DUNDWF1,Dundonnell Wind Farm,,,,,VIC,VIC1,168.0,,Wind,Wind - Onshore,0.9845,0.9827,0.1331,0.2152,,,,,,,,,,,,,,,,,
DUNDWF2,Dundonnell Wind Farm,,,,,VIC,VIC1,46.0,,Wind,Wind - Onshore,0.9845,0.9827,0.0488,0.0623,,,,,,,,,,,,,,,,,
DUNDWF3,Dundonnell Wind Farm,,,,,VIC,VIC1,121.0,,Wind,Wind - Onshore,0.9845,0.9827,0.0345,0.0356,,,,,,,,,,,,,,,,,
ELAINWF1,Elaine Wind Farm,,,,,VIC,VIC1,83.6,,Wind,Wind - Onshore,0.9569,0.9556,,0.3163,,,,,,,,,,,,,,,,,
FNWF1,Ferguson North Wind Farm,,,,,VIC,VIC1,4.0,,Wind,Wind - Onshore,,,,,,,,,,,,,,,,,,,,,
FSWF1,Ferguson South Wind Farm,,,,,VIC,VIC1,8.0,,Wind,Wind - Onshore,1.0018,0.9949,,,,,,,,,,,,,,,,,,,
GPWFEST1,Golden Plains Wind Farm East,,,,,VIC,VIC1,248.0,,Wind,Wind - Onshore,0.9834,0.9815,,0.3291,,,,,,,,,,,,,,,,,
GPWFEST2,Golden Plains Wind Farm East,,,,,VIC,VIC1,260.4,,Wind,Wind - Onshore,0.9834,0.9815,,0.3505,,,,,,,,,,,,,,,,,
GPWFEST3,Golden Plains Wind Farm East,,,,,VIC,VIC1,248.0,,Wind,Wind - Onshore,0.9834,0.9815,,0.2154,,,,,,,,,,,,,,,,,
GPWFWST1,Golden Plains Wind Farm West,,,,,VIC,VIC1,266.0,,Wind,Wind - Onshore,0.9837,0.9823,,,,,,,,,,,,,,,,,,,
GPWFWST2,Golden Plains Wind Farm West,,,,,VIC,VIC1,310.0,,Wind,Wind - Onshore,0.9837,0.9823,,,,,,,,,,,,,,,,,,,
HD1WF1,Hawkesdale Wind Farm,,,,,VIC,VIC1,96.6,,Wind,Wind - Onshore,0.9865,0.9822,0.1828,0.2573,,,,,,,,,,,,,,,,,
HEPWIND1,Hepburn Community Wind Farm,,,,,VIC,VIC1,4.1,,Wind,Wind - Onshore,0.9825,0.9791,,,,,,,,,,,,,,,,,,,
KIATAWF1,Kiata Wind Farm,,,,,VIC,VIC1,31.05,,Wind,Wind - Onshore,0.8959,0.8954,0.1789,0.2955,,,,,,,,,,,,,,,,,
MACARTH1,Macarthur Wind Farm,,,,,VIC,VIC1,420.0,,Wind,Wind - Onshore,0.9829,0.9824,0.1393,0.2357,,,,,,,,,,,,,,,,,
MAROOWF1,Maroona Wind Farm,,,,,VIC,VIC1,6.8,,Wind,Wind - Onshore,0.9825,0.9791,,,,,,,,,,,,,,,,,,,
MOORAWF1,Moorabool Wind Farm ,,,,,VIC,VIC1,312.0,,Wind,Wind - Onshore,0.9569,0.9556,0.0903,0.0889,,,,,,,,,,,,,,,,,
MRTLSWF1,Mortlake South Wind Farm,,,,,VIC,VIC1,157.5,,Wind,Wind - Onshore,0.9525,0.9507,0.106,0.0231,,,,,,,,,,,,,,,,,
MLWF1,Mortons Lane Wind Farm,,,,,VIC,VIC1,20.0,,Wind,Wind - Onshore,1.0018,0.9949,,,,,,,,,,,,,,,,,,,
MTGELWF1,Mt Gellibrand Wind Farm,,,,,VIC,VIC1,138.0,,Wind,Wind - Onshore,0.9879,0.989,0.0528,0.0331,,,,,,,,,,,,,,,,,
MERCER01,Mt Mercer Wind Farm,,,,,VIC,VIC1,131.2,,Wind,Wind - Onshore,0.9569,0.9556,0.2792,0.1579,,,,,,,,,,,,,,,,,
MUWAWF1,Murra Warra Wind Farm,,,,,VIC,VIC1,231.8,,Wind,Wind - Onshore,0.8817,0.8824,0.2955,0.4223,,,,,,,,,,,,,,,,,
MUWAWF2,Murra Warra Wind Farm Stage 2,,,,,VIC,VIC1,209.0,,Wind,Wind - Onshore,0.8817,0.8824,0.2502,0.3057,,,,,,,,,,,,,,,,,
OAKLAND1,Oaklands Hill Wind Farm,,,,,VIC,VIC1,67.0,,Wind,Wind - Onshore,1.0018,0.9949,0.0793,0.1657,,,,,,,,,,,,,,,,,
RYANCWF1,Ryan Corner Wind Farm,,,,,VIC,VIC1,218.4,,Wind,Wind - Onshore,0.9875,0.983,0.1031,0.1504,,,,,,,,,,,,,,,,,
SALTCRK1,Salt Creek Wind Farm,,,,,VIC,VIC1,54.0,,Wind,Wind - Onshore,0.9519,0.9499,0.2439,0.3905,,,,,,,,,,,,,,,,,
STOCKYD1,Stockyard Hill Wind Farm,,,,,VIC,VIC1,531.0,,Wind,Wind - Onshore,0.9845,0.9827,0.0222,0.0083,,,,,,,,,,,,,,,,,
TIMWEST,Timboon West Wind Farm,,,,,VIC,VIC1,7.2,,Wind,Wind - Onshore,1.0018,0.9949,,,,,,,,,,,,,,,,,,,
TOORAWF,Toora Wind Farm,,,,,VIC,VIC1,21.0,,Wind,Wind - Onshore,0.9862,0.992,,,,,,,,,,,,,,,,,,,
WAUBRAWF,Waubra Wind Farm,,,,,VIC,VIC1,192.0,,Wind,Wind - Onshore,0.9329,0.9299,,,,,,,,,,,,,,,,,,,
WONWP,Wonthaggi Wind Farm,,,,,VIC,VIC1,12.0,,Wind,Wind - Onshore,0.9862,0.992,,,,,,,,,,,,,,,,,,,
YSWF1,Yaloak South Wind Farm,,,,,VIC,VIC1,28.7,,Wind,Wind - Onshore,0.9825,0.9791,,,,,,,,,,,,,,,,,,,
YAMBUKWF,Yambuk Wind Farm,,,,,VIC,VIC1,30.0,,Wind,Wind - Onshore,1.0018,0.9949,,,,,,,,,,,,,,,,,,,
YAWWF1,Yawong Wind Farm,,,,,VIC,VIC1,7.2,,Wind,Wind - Onshore,1.0166,1.0031,,,,,,,,,,,,,,,,,,,
YENDWF1,Yendon Wind Farm,,,,,VIC,VIC1,144.4,,Wind,Wind - Onshore,0.9537,0.9547,0.1684,0.2925,,,,,,,,,,,,,,,,,
